{
  "racing_sport": [
    "dirt-bike",
    "bike",
    "jetski",
    "rally",
    "motorcross",
    "stock",
    "off-road",
    "auto",
    "cross-country",
    "ski",
    "canoe",
    "swim",
    "marathon",
    "BMX",
    "mountain-bike",
    "snowboard",
    "sled"
  ],
  "adventure_sport": [
    "kayaking",
    "bobsledding",
    "canoeing",
    "skiing",
    "rafting",
    "surfing"
  ],
  "aquatic_sport": [
    "snorkeling",
    "swimming",
    "bodyboarding",
    "diving",
    "freediving",
    "paddleboarding",
    "rowing",
    "scuba diving",
    "synchronized swimming"
  ],
  "body_sport": [
    "aerobics",
    "aikido",
    "archery",
    "gymnastics",
    "baton twirling",
    "bodybuilding",
    "boxing",
    "cross-country running",
    "cycling",
    "discus throw",
    "fencing",
    "figure skating",
    "horse racing",
    "judo",
    "karate",
    "kendo",
    "kickboxing",
    "kung fu",
    "long jump",
    "marathon",
    "mixed martial arts",
    "muay thai",
    "pole vault",
    "powerlifting",
    "sumo wrestling",
    "sword-fighting",
    "trampolining",
    "weightlifting",
    "wrestling"
  ],
  "ball_sport": [
    "baseball",
    "basketball",
    "basketball",
    "tennis",
    "badminton",
    "bowling",
    "cricket",
    "curling",
    "dodgeball",
    "football",
    "golf",
    "handball",
    "hockey",
    "hurling",
    "ice hockey",
    "kickball",
    "lacrosse",
    "polo",
    "racquetball",
    "rugby",
    "soccer",
    "softball",
    "squash",
    "table tennis",
    "volleyball",
    "water polo"
  ],
  "extreme_sport": [
    "base jumping",
    "bouldering",
    "gliding",
    "kiteboarding",
    "parachuting",
    "paragliding",
    "parasailing",
    "skateboarding",
    "skydiving",
    "skysurfing",
    "snowboarding",
    "wakeboarding",
    "windsurfing"
  ],
  "mind_sport": [
    "go",
    "bridge",
    "checkers",
    "chess",
    "mahjong"
  ],
  "activity_sport": [
    "airsoft",
    "ballooning",
    "barrel racing",
    "cheerleading",
    "dancing",
    "darts",
    "foosball",
    "laser tag",
    "paintball",
    "parkour",
    "pool"
  ],
  "sport": [
    "#activity_sport#",
    "#ball_sport#",
    "#body_sport#",
    "#extreme_sport#",
    "#mind_sport#",
    "#racing_sport# racing"
  ]
}